week_date,candidate,params,changed,gate_checks
2022-01-05,incumbent,"{""colsample_bytree"": 0.8, ""learning_rate"": 0.025, ""max_depth"": 3, ""min_child_weight"": 10, ""n_estimators"": 50, ""subsample"": 0.8}",{},
2022-01-12,incumbent,"{""colsample_bytree"": 0.8, ""learning_rate"": 0.025, ""max_depth"": 3, ""min_child_weight"": 10, ""n_estimators"": 50, ""subsample"": 0.8}",{},
2022-01-19,incumbent,"{""colsample_bytree"": 0.8, ""learning_rate"": 0.025, ""max_depth"": 3, ""min_child_weight"": 10, ""n_estimators"": 50, ""subsample"": 0.8}",{},
2022-01-26,incumbent,"{""colsample_bytree"": 0.8, ""learning_rate"": 0.025, ""max_depth"": 3, ""min_child_weight"": 10, ""n_estimators"": 50, ""subsample"": 0.8}",{},
2022-02-02,incumbent,"{""colsample_bytree"": 0.8, ""learning_rate"": 0.025, ""max_depth"": 3, ""min_child_weight"": 10, ""n_estimators"": 50, ""subsample"": 0.8}",{},
2022-02-09,incumbent,"{""colsample_bytree"": 0.8, ""learning_rate"": 0.025, ""max_depth"": 3, ""min_child_weight"": 10, ""n_estimators"": 50, ""subsample"": 0.8}",{},
2022-02-16,incumbent,"{""colsample_bytree"": 0.8, ""learning_rate"": 0.025, ""max_depth"": 3, ""min_child_weight"": 10, ""n_estimators"": 50, ""subsample"": 0.8}",{},
2022-02-23,incumbent,"{""colsample_bytree"": 0.8, ""learning_rate"": 0.025, ""max_depth"": 3, ""min_child_weight"": 10, ""n_estimators"": 50, ""subsample"": 0.8}",{},
2022-03-02,incumbent,"{""colsample_bytree"": 0.8, ""learning_rate"": 0.025, ""max_depth"": 3, ""min_child_weight"": 10, ""n_estimators"": 50, ""subsample"": 0.8}",{},
2022-03-09,incumbent,"{""colsample_bytree"": 0.8, ""learning_rate"": 0.025, ""max_depth"": 3, ""min_child_weight"": 10, ""n_estimators"": 50, ""subsample"": 0.8}",{},
2022-03-16,incumbent,"{""colsample_bytree"": 0.8, ""learning_rate"": 0.025, ""max_depth"": 3, ""min_child_weight"": 10, ""n_estimators"": 50, ""subsample"": 0.8}",{},
2022-03-23,incumbent,"{""colsample_bytree"": 0.8, ""learning_rate"": 0.025, ""max_depth"": 3, ""min_child_weight"": 10, ""n_estimators"": 50, ""subsample"": 0.8}",{},
2022-03-30,incumbent,"{""colsample_bytree"": 0.8, ""learning_rate"": 0.025, ""max_depth"": 3, ""min_child_weight"": 10, ""n_estimators"": 50, ""subsample"": 0.8}",{},
2022-04-06,incumbent,"{""colsample_bytree"": 0.8, ""learning_rate"": 0.025, ""max_depth"": 3, ""min_child_weight"": 10, ""n_estimators"": 50, ""subsample"": 0.8}",{},
2022-04-13,incumbent,"{""colsample_bytree"": 0.8, ""learning_rate"": 0.025, ""max_depth"": 3, ""min_child_weight"": 10, ""n_estimators"": 50, ""subsample"": 0.8}",{},
2022-04-20,incumbent,"{""colsample_bytree"": 0.8, ""learning_rate"": 0.025, ""max_depth"": 3, ""min_child_weight"": 10, ""n_estimators"": 50, ""subsample"": 0.8}",{},
2022-04-27,incumbent,"{""colsample_bytree"": 0.8, ""learning_rate"": 0.025, ""max_depth"": 3, ""min_child_weight"": 10, ""n_estimators"": 50, ""subsample"": 0.8}",{},
2022-05-04,incumbent,"{""colsample_bytree"": 0.8, ""learning_rate"": 0.025, ""max_depth"": 3, ""min_child_weight"": 10, ""n_estimators"": 50, ""subsample"": 0.8}",{},
2022-05-11,incumbent,"{""colsample_bytree"": 0.8, ""learning_rate"": 0.025, ""max_depth"": 3, ""min_child_weight"": 10, ""n_estimators"": 50, ""subsample"": 0.8}",{},
2022-05-18,incumbent,"{""colsample_bytree"": 0.8, ""learning_rate"": 0.025, ""max_depth"": 3, ""min_child_weight"": 10, ""n_estimators"": 50, ""subsample"": 0.8}",{},
2022-05-25,incumbent,"{""colsample_bytree"": 0.8, ""learning_rate"": 0.025, ""max_depth"": 3, ""min_child_weight"": 10, ""n_estimators"": 50, ""subsample"": 0.8}",{},
2022-06-01,incumbent,"{""colsample_bytree"": 0.8, ""learning_rate"": 0.025, ""max_depth"": 3, ""min_child_weight"": 10, ""n_estimators"": 50, ""subsample"": 0.8}",{},
2022-06-08,incumbent,"{""colsample_bytree"": 0.8, ""learning_rate"": 0.025, ""max_depth"": 3, ""min_child_weight"": 10, ""n_estimators"": 50, ""subsample"": 0.8}",{},
2022-06-15,incumbent,"{""colsample_bytree"": 0.8, ""learning_rate"": 0.025, ""max_depth"": 3, ""min_child_weight"": 10, ""n_estimators"": 50, ""subsample"": 0.8}",{},
2022-06-22,incumbent,"{""colsample_bytree"": 0.8, ""learning_rate"": 0.025, ""max_depth"": 3, ""min_child_weight"": 10, ""n_estimators"": 50, ""subsample"": 0.8}",{},
2022-06-29,incumbent,"{""colsample_bytree"": 0.8, ""learning_rate"": 0.025, ""max_depth"": 3, ""min_child_weight"": 10, ""n_estimators"": 50, ""subsample"": 0.8}",{},
2022-07-06,incumbent,"{""colsample_bytree"": 0.8, ""learning_rate"": 0.025, ""max_depth"": 3, ""min_child_weight"": 10, ""n_estimators"": 50, ""subsample"": 0.8}",{},
2022-07-13,incumbent,"{""colsample_bytree"": 0.8, ""learning_rate"": 0.025, ""max_depth"": 3, ""min_child_weight"": 10, ""n_estimators"": 50, ""subsample"": 0.8}",{},
2022-07-20,incumbent,"{""colsample_bytree"": 0.8, ""learning_rate"": 0.025, ""max_depth"": 3, ""min_child_weight"": 10, ""n_estimators"": 50, ""subsample"": 0.8}",{},
2022-07-27,incumbent,"{""colsample_bytree"": 0.8, ""learning_rate"": 0.025, ""max_depth"": 3, ""min_child_weight"": 10, ""n_estimators"": 50, ""subsample"": 0.8}",{},
2022-08-03,incumbent,"{""colsample_bytree"": 0.8, ""learning_rate"": 0.025, ""max_depth"": 3, ""min_child_weight"": 10, ""n_estimators"": 50, ""subsample"": 0.8}",{},
2022-08-10,incumbent,"{""colsample_bytree"": 0.8, ""learning_rate"": 0.025, ""max_depth"": 3, ""min_child_weight"": 10, ""n_estimators"": 50, ""subsample"": 0.8}",{},
2022-08-17,incumbent,"{""colsample_bytree"": 0.8, ""learning_rate"": 0.025, ""max_depth"": 3, ""min_child_weight"": 10, ""n_estimators"": 50, ""subsample"": 0.8}",{},
2022-08-24,incumbent,"{""colsample_bytree"": 0.8, ""learning_rate"": 0.025, ""max_depth"": 3, ""min_child_weight"": 10, ""n_estimators"": 50, ""subsample"": 0.8}",{},
2022-08-31,incumbent,"{""colsample_bytree"": 0.8, ""learning_rate"": 0.025, ""max_depth"": 3, ""min_child_weight"": 10, ""n_estimators"": 50, ""subsample"": 0.8}",{},
2022-09-07,incumbent,"{""colsample_bytree"": 0.8, ""learning_rate"": 0.025, ""max_depth"": 3, ""min_child_weight"": 10, ""n_estimators"": 50, ""subsample"": 0.8}",{},
2022-09-14,incumbent,"{""colsample_bytree"": 0.8, ""learning_rate"": 0.025, ""max_depth"": 3, ""min_child_weight"": 10, ""n_estimators"": 50, ""subsample"": 0.8}",{},
2022-09-21,incumbent,"{""colsample_bytree"": 0.8, ""learning_rate"": 0.025, ""max_depth"": 3, ""min_child_weight"": 10, ""n_estimators"": 50, ""subsample"": 0.8}",{},
2022-09-28,incumbent,"{""colsample_bytree"": 0.8, ""learning_rate"": 0.025, ""max_depth"": 3, ""min_child_weight"": 10, ""n_estimators"": 50, ""subsample"": 0.8}",{},
2022-10-05,incumbent,"{""colsample_bytree"": 0.8, ""learning_rate"": 0.025, ""max_depth"": 3, ""min_child_weight"": 10, ""n_estimators"": 50, ""subsample"": 0.8}",{},
2022-10-12,incumbent,"{""colsample_bytree"": 0.8, ""learning_rate"": 0.025, ""max_depth"": 3, ""min_child_weight"": 10, ""n_estimators"": 50, ""subsample"": 0.8}",{},
2022-10-19,incumbent,"{""colsample_bytree"": 0.8, ""learning_rate"": 0.025, ""max_depth"": 3, ""min_child_weight"": 10, ""n_estimators"": 50, ""subsample"": 0.8}",{},
2022-10-26,incumbent,"{""colsample_bytree"": 0.8, ""learning_rate"": 0.025, ""max_depth"": 3, ""min_child_weight"": 10, ""n_estimators"": 50, ""subsample"": 0.8}",{},
2022-11-02,larger_child,"{""colsample_bytree"": 0.8, ""learning_rate"": 0.025, ""max_depth"": 3, ""min_child_weight"": 20, ""n_estimators"": 50, ""subsample"": 0.8}","{""min_child_weight"": 20}","{""ir_gain_at_least_0_10"": true, ""annual_net_gain_at_least_0_5pct"": true, ""fold_ir_wins_at_least_3"": true, ""no_fold_ir_loss_below_0_25"": true, ""bootstrap_lower_gain_positive"": true}"
2022-11-09,incumbent,"{""colsample_bytree"": 0.8, ""learning_rate"": 0.025, ""max_depth"": 3, ""min_child_weight"": 10, ""n_estimators"": 50, ""subsample"": 0.8}",{},
2022-11-16,incumbent,"{""colsample_bytree"": 0.8, ""learning_rate"": 0.025, ""max_depth"": 3, ""min_child_weight"": 10, ""n_estimators"": 50, ""subsample"": 0.8}",{},
2022-11-23,incumbent,"{""colsample_bytree"": 0.8, ""learning_rate"": 0.025, ""max_depth"": 3, ""min_child_weight"": 10, ""n_estimators"": 50, ""subsample"": 0.8}",{},
2022-11-30,incumbent,"{""colsample_bytree"": 0.8, ""learning_rate"": 0.025, ""max_depth"": 3, ""min_child_weight"": 10, ""n_estimators"": 50, ""subsample"": 0.8}",{},
2022-12-07,incumbent,"{""colsample_bytree"": 0.8, ""learning_rate"": 0.025, ""max_depth"": 3, ""min_child_weight"": 10, ""n_estimators"": 50, ""subsample"": 0.8}",{},
2022-12-14,incumbent,"{""colsample_bytree"": 0.8, ""learning_rate"": 0.025, ""max_depth"": 3, ""min_child_weight"": 10, ""n_estimators"": 50, ""subsample"": 0.8}",{},
2022-12-21,incumbent,"{""colsample_bytree"": 0.8, ""learning_rate"": 0.025, ""max_depth"": 3, ""min_child_weight"": 10, ""n_estimators"": 50, ""subsample"": 0.8}",{},
2022-12-28,incumbent,"{""colsample_bytree"": 0.8, ""learning_rate"": 0.025, ""max_depth"": 3, ""min_child_weight"": 10, ""n_estimators"": 50, ""subsample"": 0.8}",{},
2023-01-04,incumbent,"{""colsample_bytree"": 0.8, ""learning_rate"": 0.025, ""max_depth"": 3, ""min_child_weight"": 10, ""n_estimators"": 50, ""subsample"": 0.8}",{},
2023-01-11,incumbent,"{""colsample_bytree"": 0.8, ""learning_rate"": 0.025, ""max_depth"": 3, ""min_child_weight"": 10, ""n_estimators"": 50, ""subsample"": 0.8}",{},
2023-01-18,incumbent,"{""colsample_bytree"": 0.8, ""learning_rate"": 0.025, ""max_depth"": 3, ""min_child_weight"": 10, ""n_estimators"": 50, ""subsample"": 0.8}",{},
2023-01-25,incumbent,"{""colsample_bytree"": 0.8, ""learning_rate"": 0.025, ""max_depth"": 3, ""min_child_weight"": 10, ""n_estimators"": 50, ""subsample"": 0.8}",{},
2023-02-01,incumbent,"{""colsample_bytree"": 0.8, ""learning_rate"": 0.025, ""max_depth"": 3, ""min_child_weight"": 10, ""n_estimators"": 50, ""subsample"": 0.8}",{},
2023-02-08,incumbent,"{""colsample_bytree"": 0.8, ""learning_rate"": 0.025, ""max_depth"": 3, ""min_child_weight"": 10, ""n_estimators"": 50, ""subsample"": 0.8}",{},
2023-02-15,incumbent,"{""colsample_bytree"": 0.8, ""learning_rate"": 0.025, ""max_depth"": 3, ""min_child_weight"": 10, ""n_estimators"": 50, ""subsample"": 0.8}",{},
2023-02-22,incumbent,"{""colsample_bytree"": 0.8, ""learning_rate"": 0.025, ""max_depth"": 3, ""min_child_weight"": 10, ""n_estimators"": 50, ""subsample"": 0.8}",{},
2023-03-01,incumbent,"{""colsample_bytree"": 0.8, ""learning_rate"": 0.025, ""max_depth"": 3, ""min_child_weight"": 10, ""n_estimators"": 50, ""subsample"": 0.8}",{},
2023-03-08,incumbent,"{""colsample_bytree"": 0.8, ""learning_rate"": 0.025, ""max_depth"": 3, ""min_child_weight"": 10, ""n_estimators"": 50, ""subsample"": 0.8}",{},
2023-03-15,incumbent,"{""colsample_bytree"": 0.8, ""learning_rate"": 0.025, ""max_depth"": 3, ""min_child_weight"": 10, ""n_estimators"": 50, ""subsample"": 0.8}",{},
2023-03-22,shallower_depth,"{""colsample_bytree"": 0.8, ""learning_rate"": 0.025, ""max_depth"": 2, ""min_child_weight"": 10, ""n_estimators"": 50, ""subsample"": 0.8}","{""max_depth"": 2}","{""ir_gain_at_least_0_10"": true, ""annual_net_gain_at_least_0_5pct"": true, ""fold_ir_wins_at_least_3"": true, ""no_fold_ir_loss_below_0_25"": true, ""bootstrap_lower_gain_positive"": true}"
2023-03-29,incumbent,"{""colsample_bytree"": 0.8, ""learning_rate"": 0.025, ""max_depth"": 3, ""min_child_weight"": 10, ""n_estimators"": 50, ""subsample"": 0.8}",{},
2023-04-05,incumbent,"{""colsample_bytree"": 0.8, ""learning_rate"": 0.025, ""max_depth"": 3, ""min_child_weight"": 10, ""n_estimators"": 50, ""subsample"": 0.8}",{},
2023-04-12,incumbent,"{""colsample_bytree"": 0.8, ""learning_rate"": 0.025, ""max_depth"": 3, ""min_child_weight"": 10, ""n_estimators"": 50, ""subsample"": 0.8}",{},
2023-04-19,incumbent,"{""colsample_bytree"": 0.8, ""learning_rate"": 0.025, ""max_depth"": 3, ""min_child_weight"": 10, ""n_estimators"": 50, ""subsample"": 0.8}",{},
2023-04-26,shallower_depth,"{""colsample_bytree"": 0.8, ""learning_rate"": 0.025, ""max_depth"": 2, ""min_child_weight"": 10, ""n_estimators"": 50, ""subsample"": 0.8}","{""max_depth"": 2}","{""ir_gain_at_least_0_10"": true, ""annual_net_gain_at_least_0_5pct"": true, ""fold_ir_wins_at_least_3"": true, ""no_fold_ir_loss_below_0_25"": true, ""bootstrap_lower_gain_positive"": true}"
2023-05-03,incumbent,"{""colsample_bytree"": 0.8, ""learning_rate"": 0.025, ""max_depth"": 3, ""min_child_weight"": 10, ""n_estimators"": 50, ""subsample"": 0.8}",{},
2023-05-10,incumbent,"{""colsample_bytree"": 0.8, ""learning_rate"": 0.025, ""max_depth"": 3, ""min_child_weight"": 10, ""n_estimators"": 50, ""subsample"": 0.8}",{},
2023-05-17,incumbent,"{""colsample_bytree"": 0.8, ""learning_rate"": 0.025, ""max_depth"": 3, ""min_child_weight"": 10, ""n_estimators"": 50, ""subsample"": 0.8}",{},
2023-05-24,incumbent,"{""colsample_bytree"": 0.8, ""learning_rate"": 0.025, ""max_depth"": 3, ""min_child_weight"": 10, ""n_estimators"": 50, ""subsample"": 0.8}",{},
2023-05-31,incumbent,"{""colsample_bytree"": 0.8, ""learning_rate"": 0.025, ""max_depth"": 3, ""min_child_weight"": 10, ""n_estimators"": 50, ""subsample"": 0.8}",{},
2023-06-07,incumbent,"{""colsample_bytree"": 0.8, ""learning_rate"": 0.025, ""max_depth"": 3, ""min_child_weight"": 10, ""n_estimators"": 50, ""subsample"": 0.8}",{},
2023-06-14,incumbent,"{""colsample_bytree"": 0.8, ""learning_rate"": 0.025, ""max_depth"": 3, ""min_child_weight"": 10, ""n_estimators"": 50, ""subsample"": 0.8}",{},
2023-06-21,incumbent,"{""colsample_bytree"": 0.8, ""learning_rate"": 0.025, ""max_depth"": 3, ""min_child_weight"": 10, ""n_estimators"": 50, ""subsample"": 0.8}",{},
2023-06-28,incumbent,"{""colsample_bytree"": 0.8, ""learning_rate"": 0.025, ""max_depth"": 3, ""min_child_weight"": 10, ""n_estimators"": 50, ""subsample"": 0.8}",{},
2023-07-05,incumbent,"{""colsample_bytree"": 0.8, ""learning_rate"": 0.025, ""max_depth"": 3, ""min_child_weight"": 10, ""n_estimators"": 50, ""subsample"": 0.8}",{},
2023-07-12,incumbent,"{""colsample_bytree"": 0.8, ""learning_rate"": 0.025, ""max_depth"": 3, ""min_child_weight"": 10, ""n_estimators"": 50, ""subsample"": 0.8}",{},
2023-07-19,incumbent,"{""colsample_bytree"": 0.8, ""learning_rate"": 0.025, ""max_depth"": 3, ""min_child_weight"": 10, ""n_estimators"": 50, ""subsample"": 0.8}",{},
2023-07-26,incumbent,"{""colsample_bytree"": 0.8, ""learning_rate"": 0.025, ""max_depth"": 3, ""min_child_weight"": 10, ""n_estimators"": 50, ""subsample"": 0.8}",{},
2023-08-02,incumbent,"{""colsample_bytree"": 0.8, ""learning_rate"": 0.025, ""max_depth"": 3, ""min_child_weight"": 10, ""n_estimators"": 50, ""subsample"": 0.8}",{},
2023-08-09,incumbent,"{""colsample_bytree"": 0.8, ""learning_rate"": 0.025, ""max_depth"": 3, ""min_child_weight"": 10, ""n_estimators"": 50, ""subsample"": 0.8}",{},
2023-08-16,incumbent,"{""colsample_bytree"": 0.8, ""learning_rate"": 0.025, ""max_depth"": 3, ""min_child_weight"": 10, ""n_estimators"": 50, ""subsample"": 0.8}",{},
2023-08-23,incumbent,"{""colsample_bytree"": 0.8, ""learning_rate"": 0.025, ""max_depth"": 3, ""min_child_weight"": 10, ""n_estimators"": 50, ""subsample"": 0.8}",{},
2023-08-30,incumbent,"{""colsample_bytree"": 0.8, ""learning_rate"": 0.025, ""max_depth"": 3, ""min_child_weight"": 10, ""n_estimators"": 50, ""subsample"": 0.8}",{},
2023-09-06,incumbent,"{""colsample_bytree"": 0.8, ""learning_rate"": 0.025, ""max_depth"": 3, ""min_child_weight"": 10, ""n_estimators"": 50, ""subsample"": 0.8}",{},
2023-09-13,incumbent,"{""colsample_bytree"": 0.8, ""learning_rate"": 0.025, ""max_depth"": 3, ""min_child_weight"": 10, ""n_estimators"": 50, ""subsample"": 0.8}",{},
2023-09-20,incumbent,"{""colsample_bytree"": 0.8, ""learning_rate"": 0.025, ""max_depth"": 3, ""min_child_weight"": 10, ""n_estimators"": 50, ""subsample"": 0.8}",{},
2023-09-27,incumbent,"{""colsample_bytree"": 0.8, ""learning_rate"": 0.025, ""max_depth"": 3, ""min_child_weight"": 10, ""n_estimators"": 50, ""subsample"": 0.8}",{},
2023-10-04,incumbent,"{""colsample_bytree"": 0.8, ""learning_rate"": 0.025, ""max_depth"": 3, ""min_child_weight"": 10, ""n_estimators"": 50, ""subsample"": 0.8}",{},
2023-10-11,incumbent,"{""colsample_bytree"": 0.8, ""learning_rate"": 0.025, ""max_depth"": 3, ""min_child_weight"": 10, ""n_estimators"": 50, ""subsample"": 0.8}",{},
2023-10-18,incumbent,"{""colsample_bytree"": 0.8, ""learning_rate"": 0.025, ""max_depth"": 3, ""min_child_weight"": 10, ""n_estimators"": 50, ""subsample"": 0.8}",{},
2023-10-25,incumbent,"{""colsample_bytree"": 0.8, ""learning_rate"": 0.025, ""max_depth"": 3, ""min_child_weight"": 10, ""n_estimators"": 50, ""subsample"": 0.8}",{},
2023-11-01,incumbent,"{""colsample_bytree"": 0.8, ""learning_rate"": 0.025, ""max_depth"": 3, ""min_child_weight"": 10, ""n_estimators"": 50, ""subsample"": 0.8}",{},
2023-11-08,incumbent,"{""colsample_bytree"": 0.8, ""learning_rate"": 0.025, ""max_depth"": 3, ""min_child_weight"": 10, ""n_estimators"": 50, ""subsample"": 0.8}",{},
2023-11-15,incumbent,"{""colsample_bytree"": 0.8, ""learning_rate"": 0.025, ""max_depth"": 3, ""min_child_weight"": 10, ""n_estimators"": 50, ""subsample"": 0.8}",{},
2023-11-22,incumbent,"{""colsample_bytree"": 0.8, ""learning_rate"": 0.025, ""max_depth"": 3, ""min_child_weight"": 10, ""n_estimators"": 50, ""subsample"": 0.8}",{},
2023-11-29,shallower_depth,"{""colsample_bytree"": 0.8, ""learning_rate"": 0.025, ""max_depth"": 2, ""min_child_weight"": 10, ""n_estimators"": 50, ""subsample"": 0.8}","{""max_depth"": 2}","{""ir_gain_at_least_0_10"": true, ""annual_net_gain_at_least_0_5pct"": true, ""fold_ir_wins_at_least_3"": true, ""no_fold_ir_loss_below_0_25"": true, ""bootstrap_lower_gain_positive"": true}"
2023-12-06,incumbent,"{""colsample_bytree"": 0.8, ""learning_rate"": 0.025, ""max_depth"": 3, ""min_child_weight"": 10, ""n_estimators"": 50, ""subsample"": 0.8}",{},
2023-12-13,incumbent,"{""colsample_bytree"": 0.8, ""learning_rate"": 0.025, ""max_depth"": 3, ""min_child_weight"": 10, ""n_estimators"": 50, ""subsample"": 0.8}",{},
2023-12-20,incumbent,"{""colsample_bytree"": 0.8, ""learning_rate"": 0.025, ""max_depth"": 3, ""min_child_weight"": 10, ""n_estimators"": 50, ""subsample"": 0.8}",{},
2023-12-27,incumbent,"{""colsample_bytree"": 0.8, ""learning_rate"": 0.025, ""max_depth"": 3, ""min_child_weight"": 10, ""n_estimators"": 50, ""subsample"": 0.8}",{},
2024-01-03,incumbent,"{""colsample_bytree"": 0.8, ""learning_rate"": 0.025, ""max_depth"": 3, ""min_child_weight"": 10, ""n_estimators"": 50, ""subsample"": 0.8}",{},
2024-01-10,incumbent,"{""colsample_bytree"": 0.8, ""learning_rate"": 0.025, ""max_depth"": 3, ""min_child_weight"": 10, ""n_estimators"": 50, ""subsample"": 0.8}",{},
2024-01-17,incumbent,"{""colsample_bytree"": 0.8, ""learning_rate"": 0.025, ""max_depth"": 3, ""min_child_weight"": 10, ""n_estimators"": 50, ""subsample"": 0.8}",{},
2024-01-24,incumbent,"{""colsample_bytree"": 0.8, ""learning_rate"": 0.025, ""max_depth"": 3, ""min_child_weight"": 10, ""n_estimators"": 50, ""subsample"": 0.8}",{},
2024-01-31,incumbent,"{""colsample_bytree"": 0.8, ""learning_rate"": 0.025, ""max_depth"": 3, ""min_child_weight"": 10, ""n_estimators"": 50, ""subsample"": 0.8}",{},
2024-02-07,incumbent,"{""colsample_bytree"": 0.8, ""learning_rate"": 0.025, ""max_depth"": 3, ""min_child_weight"": 10, ""n_estimators"": 50, ""subsample"": 0.8}",{},
2024-02-14,incumbent,"{""colsample_bytree"": 0.8, ""learning_rate"": 0.025, ""max_depth"": 3, ""min_child_weight"": 10, ""n_estimators"": 50, ""subsample"": 0.8}",{},
2024-02-21,incumbent,"{""colsample_bytree"": 0.8, ""learning_rate"": 0.025, ""max_depth"": 3, ""min_child_weight"": 10, ""n_estimators"": 50, ""subsample"": 0.8}",{},
2024-02-28,shallower_depth,"{""colsample_bytree"": 0.8, ""learning_rate"": 0.025, ""max_depth"": 2, ""min_child_weight"": 10, ""n_estimators"": 50, ""subsample"": 0.8}","{""max_depth"": 2}","{""ir_gain_at_least_0_10"": true, ""annual_net_gain_at_least_0_5pct"": true, ""fold_ir_wins_at_least_3"": true, ""no_fold_ir_loss_below_0_25"": true, ""bootstrap_lower_gain_positive"": true}"
2024-03-06,incumbent,"{""colsample_bytree"": 0.8, ""learning_rate"": 0.025, ""max_depth"": 3, ""min_child_weight"": 10, ""n_estimators"": 50, ""subsample"": 0.8}",{},
2024-03-13,incumbent,"{""colsample_bytree"": 0.8, ""learning_rate"": 0.025, ""max_depth"": 3, ""min_child_weight"": 10, ""n_estimators"": 50, ""subsample"": 0.8}",{},
2024-03-20,incumbent,"{""colsample_bytree"": 0.8, ""learning_rate"": 0.025, ""max_depth"": 3, ""min_child_weight"": 10, ""n_estimators"": 50, ""subsample"": 0.8}",{},
2024-03-27,incumbent,"{""colsample_bytree"": 0.8, ""learning_rate"": 0.025, ""max_depth"": 3, ""min_child_weight"": 10, ""n_estimators"": 50, ""subsample"": 0.8}",{},
2024-04-03,incumbent,"{""colsample_bytree"": 0.8, ""learning_rate"": 0.025, ""max_depth"": 3, ""min_child_weight"": 10, ""n_estimators"": 50, ""subsample"": 0.8}",{},
2024-04-10,incumbent,"{""colsample_bytree"": 0.8, ""learning_rate"": 0.025, ""max_depth"": 3, ""min_child_weight"": 10, ""n_estimators"": 50, ""subsample"": 0.8}",{},
2024-04-17,incumbent,"{""colsample_bytree"": 0.8, ""learning_rate"": 0.025, ""max_depth"": 3, ""min_child_weight"": 10, ""n_estimators"": 50, ""subsample"": 0.8}",{},
2024-04-24,incumbent,"{""colsample_bytree"": 0.8, ""learning_rate"": 0.025, ""max_depth"": 3, ""min_child_weight"": 10, ""n_estimators"": 50, ""subsample"": 0.8}",{},
2024-05-01,incumbent,"{""colsample_bytree"": 0.8, ""learning_rate"": 0.025, ""max_depth"": 3, ""min_child_weight"": 10, ""n_estimators"": 50, ""subsample"": 0.8}",{},
2024-05-08,incumbent,"{""colsample_bytree"": 0.8, ""learning_rate"": 0.025, ""max_depth"": 3, ""min_child_weight"": 10, ""n_estimators"": 50, ""subsample"": 0.8}",{},
2024-05-15,incumbent,"{""colsample_bytree"": 0.8, ""learning_rate"": 0.025, ""max_depth"": 3, ""min_child_weight"": 10, ""n_estimators"": 50, ""subsample"": 0.8}",{},
2024-05-22,incumbent,"{""colsample_bytree"": 0.8, ""learning_rate"": 0.025, ""max_depth"": 3, ""min_child_weight"": 10, ""n_estimators"": 50, ""subsample"": 0.8}",{},
2024-05-29,incumbent,"{""colsample_bytree"": 0.8, ""learning_rate"": 0.025, ""max_depth"": 3, ""min_child_weight"": 10, ""n_estimators"": 50, ""subsample"": 0.8}",{},
2024-06-05,incumbent,"{""colsample_bytree"": 0.8, ""learning_rate"": 0.025, ""max_depth"": 3, ""min_child_weight"": 10, ""n_estimators"": 50, ""subsample"": 0.8}",{},
2024-06-12,incumbent,"{""colsample_bytree"": 0.8, ""learning_rate"": 0.025, ""max_depth"": 3, ""min_child_weight"": 10, ""n_estimators"": 50, ""subsample"": 0.8}",{},
2024-06-19,shallower_depth,"{""colsample_bytree"": 0.8, ""learning_rate"": 0.025, ""max_depth"": 2, ""min_child_weight"": 10, ""n_estimators"": 50, ""subsample"": 0.8}","{""max_depth"": 2}","{""ir_gain_at_least_0_10"": true, ""annual_net_gain_at_least_0_5pct"": true, ""fold_ir_wins_at_least_3"": true, ""no_fold_ir_loss_below_0_25"": true, ""bootstrap_lower_gain_positive"": true}"
2024-06-26,incumbent,"{""colsample_bytree"": 0.8, ""learning_rate"": 0.025, ""max_depth"": 3, ""min_child_weight"": 10, ""n_estimators"": 50, ""subsample"": 0.8}",{},
2024-07-03,incumbent,"{""colsample_bytree"": 0.8, ""learning_rate"": 0.025, ""max_depth"": 3, ""min_child_weight"": 10, ""n_estimators"": 50, ""subsample"": 0.8}",{},
2024-07-10,incumbent,"{""colsample_bytree"": 0.8, ""learning_rate"": 0.025, ""max_depth"": 3, ""min_child_weight"": 10, ""n_estimators"": 50, ""subsample"": 0.8}",{},
2024-07-17,incumbent,"{""colsample_bytree"": 0.8, ""learning_rate"": 0.025, ""max_depth"": 3, ""min_child_weight"": 10, ""n_estimators"": 50, ""subsample"": 0.8}",{},
2024-07-24,incumbent,"{""colsample_bytree"": 0.8, ""learning_rate"": 0.025, ""max_depth"": 3, ""min_child_weight"": 10, ""n_estimators"": 50, ""subsample"": 0.8}",{},
2024-07-31,incumbent,"{""colsample_bytree"": 0.8, ""learning_rate"": 0.025, ""max_depth"": 3, ""min_child_weight"": 10, ""n_estimators"": 50, ""subsample"": 0.8}",{},
2024-08-07,incumbent,"{""colsample_bytree"": 0.8, ""learning_rate"": 0.025, ""max_depth"": 3, ""min_child_weight"": 10, ""n_estimators"": 50, ""subsample"": 0.8}",{},
2024-08-14,incumbent,"{""colsample_bytree"": 0.8, ""learning_rate"": 0.025, ""max_depth"": 3, ""min_child_weight"": 10, ""n_estimators"": 50, ""subsample"": 0.8}",{},
2024-08-21,incumbent,"{""colsample_bytree"": 0.8, ""learning_rate"": 0.025, ""max_depth"": 3, ""min_child_weight"": 10, ""n_estimators"": 50, ""subsample"": 0.8}",{},
2024-08-28,incumbent,"{""colsample_bytree"": 0.8, ""learning_rate"": 0.025, ""max_depth"": 3, ""min_child_weight"": 10, ""n_estimators"": 50, ""subsample"": 0.8}",{},
2024-09-04,incumbent,"{""colsample_bytree"": 0.8, ""learning_rate"": 0.025, ""max_depth"": 3, ""min_child_weight"": 10, ""n_estimators"": 50, ""subsample"": 0.8}",{},
2024-09-11,incumbent,"{""colsample_bytree"": 0.8, ""learning_rate"": 0.025, ""max_depth"": 3, ""min_child_weight"": 10, ""n_estimators"": 50, ""subsample"": 0.8}",{},
2024-09-18,incumbent,"{""colsample_bytree"": 0.8, ""learning_rate"": 0.025, ""max_depth"": 3, ""min_child_weight"": 10, ""n_estimators"": 50, ""subsample"": 0.8}",{},
2024-09-25,incumbent,"{""colsample_bytree"": 0.8, ""learning_rate"": 0.025, ""max_depth"": 3, ""min_child_weight"": 10, ""n_estimators"": 50, ""subsample"": 0.8}",{},
2024-10-02,incumbent,"{""colsample_bytree"": 0.8, ""learning_rate"": 0.025, ""max_depth"": 3, ""min_child_weight"": 10, ""n_estimators"": 50, ""subsample"": 0.8}",{},
2024-10-09,incumbent,"{""colsample_bytree"": 0.8, ""learning_rate"": 0.025, ""max_depth"": 3, ""min_child_weight"": 10, ""n_estimators"": 50, ""subsample"": 0.8}",{},
2024-10-16,larger_child,"{""colsample_bytree"": 0.8, ""learning_rate"": 0.025, ""max_depth"": 3, ""min_child_weight"": 20, ""n_estimators"": 50, ""subsample"": 0.8}","{""min_child_weight"": 20}","{""ir_gain_at_least_0_10"": true, ""annual_net_gain_at_least_0_5pct"": true, ""fold_ir_wins_at_least_3"": true, ""no_fold_ir_loss_below_0_25"": true, ""bootstrap_lower_gain_positive"": true}"
2024-10-23,incumbent,"{""colsample_bytree"": 0.8, ""learning_rate"": 0.025, ""max_depth"": 3, ""min_child_weight"": 10, ""n_estimators"": 50, ""subsample"": 0.8}",{},
2024-10-30,incumbent,"{""colsample_bytree"": 0.8, ""learning_rate"": 0.025, ""max_depth"": 3, ""min_child_weight"": 10, ""n_estimators"": 50, ""subsample"": 0.8}",{},
2024-11-06,incumbent,"{""colsample_bytree"": 0.8, ""learning_rate"": 0.025, ""max_depth"": 3, ""min_child_weight"": 10, ""n_estimators"": 50, ""subsample"": 0.8}",{},
2024-11-13,incumbent,"{""colsample_bytree"": 0.8, ""learning_rate"": 0.025, ""max_depth"": 3, ""min_child_weight"": 10, ""n_estimators"": 50, ""subsample"": 0.8}",{},
2024-11-20,incumbent,"{""colsample_bytree"": 0.8, ""learning_rate"": 0.025, ""max_depth"": 3, ""min_child_weight"": 10, ""n_estimators"": 50, ""subsample"": 0.8}",{},
2024-11-27,incumbent,"{""colsample_bytree"": 0.8, ""learning_rate"": 0.025, ""max_depth"": 3, ""min_child_weight"": 10, ""n_estimators"": 50, ""subsample"": 0.8}",{},
2024-12-04,incumbent,"{""colsample_bytree"": 0.8, ""learning_rate"": 0.025, ""max_depth"": 3, ""min_child_weight"": 10, ""n_estimators"": 50, ""subsample"": 0.8}",{},
2024-12-11,incumbent,"{""colsample_bytree"": 0.8, ""learning_rate"": 0.025, ""max_depth"": 3, ""min_child_weight"": 10, ""n_estimators"": 50, ""subsample"": 0.8}",{},
2024-12-18,incumbent,"{""colsample_bytree"": 0.8, ""learning_rate"": 0.025, ""max_depth"": 3, ""min_child_weight"": 10, ""n_estimators"": 50, ""subsample"": 0.8}",{},
2024-12-25,incumbent,"{""colsample_bytree"": 0.8, ""learning_rate"": 0.025, ""max_depth"": 3, ""min_child_weight"": 10, ""n_estimators"": 50, ""subsample"": 0.8}",{},
2025-01-01,incumbent,"{""colsample_bytree"": 0.8, ""learning_rate"": 0.025, ""max_depth"": 3, ""min_child_weight"": 10, ""n_estimators"": 50, ""subsample"": 0.8}",{},
2025-01-08,incumbent,"{""colsample_bytree"": 0.8, ""learning_rate"": 0.025, ""max_depth"": 3, ""min_child_weight"": 10, ""n_estimators"": 50, ""subsample"": 0.8}",{},
2025-01-15,larger_child,"{""colsample_bytree"": 0.8, ""learning_rate"": 0.025, ""max_depth"": 3, ""min_child_weight"": 20, ""n_estimators"": 50, ""subsample"": 0.8}","{""min_child_weight"": 20}","{""ir_gain_at_least_0_10"": true, ""annual_net_gain_at_least_0_5pct"": true, ""fold_ir_wins_at_least_3"": true, ""no_fold_ir_loss_below_0_25"": true, ""bootstrap_lower_gain_positive"": true}"
2025-01-22,incumbent,"{""colsample_bytree"": 0.8, ""learning_rate"": 0.025, ""max_depth"": 3, ""min_child_weight"": 10, ""n_estimators"": 50, ""subsample"": 0.8}",{},
2025-01-29,stronger_l2,"{""colsample_bytree"": 0.8, ""learning_rate"": 0.025, ""max_depth"": 3, ""min_child_weight"": 10, ""n_estimators"": 50, ""reg_lambda"": 2.0, ""subsample"": 0.8}","{""reg_lambda"": 2.0}","{""ir_gain_at_least_0_10"": true, ""annual_net_gain_at_least_0_5pct"": true, ""fold_ir_wins_at_least_3"": true, ""no_fold_ir_loss_below_0_25"": true, ""bootstrap_lower_gain_positive"": true}"
2025-02-05,incumbent,"{""colsample_bytree"": 0.8, ""learning_rate"": 0.025, ""max_depth"": 3, ""min_child_weight"": 10, ""n_estimators"": 50, ""subsample"": 0.8}",{},
2025-02-12,incumbent,"{""colsample_bytree"": 0.8, ""learning_rate"": 0.025, ""max_depth"": 3, ""min_child_weight"": 10, ""n_estimators"": 50, ""subsample"": 0.8}",{},
2025-02-19,incumbent,"{""colsample_bytree"": 0.8, ""learning_rate"": 0.025, ""max_depth"": 3, ""min_child_weight"": 10, ""n_estimators"": 50, ""subsample"": 0.8}",{},
2025-02-26,incumbent,"{""colsample_bytree"": 0.8, ""learning_rate"": 0.025, ""max_depth"": 3, ""min_child_weight"": 10, ""n_estimators"": 50, ""subsample"": 0.8}",{},
2025-03-05,incumbent,"{""colsample_bytree"": 0.8, ""learning_rate"": 0.025, ""max_depth"": 3, ""min_child_weight"": 10, ""n_estimators"": 50, ""subsample"": 0.8}",{},
2025-03-12,incumbent,"{""colsample_bytree"": 0.8, ""learning_rate"": 0.025, ""max_depth"": 3, ""min_child_weight"": 10, ""n_estimators"": 50, ""subsample"": 0.8}",{},
2025-03-19,incumbent,"{""colsample_bytree"": 0.8, ""learning_rate"": 0.025, ""max_depth"": 3, ""min_child_weight"": 10, ""n_estimators"": 50, ""subsample"": 0.8}",{},
2025-03-26,incumbent,"{""colsample_bytree"": 0.8, ""learning_rate"": 0.025, ""max_depth"": 3, ""min_child_weight"": 10, ""n_estimators"": 50, ""subsample"": 0.8}",{},
2025-04-02,incumbent,"{""colsample_bytree"": 0.8, ""learning_rate"": 0.025, ""max_depth"": 3, ""min_child_weight"": 10, ""n_estimators"": 50, ""subsample"": 0.8}",{},
2025-04-09,incumbent,"{""colsample_bytree"": 0.8, ""learning_rate"": 0.025, ""max_depth"": 3, ""min_child_weight"": 10, ""n_estimators"": 50, ""subsample"": 0.8}",{},
2025-04-16,incumbent,"{""colsample_bytree"": 0.8, ""learning_rate"": 0.025, ""max_depth"": 3, ""min_child_weight"": 10, ""n_estimators"": 50, ""subsample"": 0.8}",{},
2025-04-23,larger_child,"{""colsample_bytree"": 0.8, ""learning_rate"": 0.025, ""max_depth"": 3, ""min_child_weight"": 20, ""n_estimators"": 50, ""subsample"": 0.8}","{""min_child_weight"": 20}","{""ir_gain_at_least_0_10"": true, ""annual_net_gain_at_least_0_5pct"": true, ""fold_ir_wins_at_least_3"": true, ""no_fold_ir_loss_below_0_25"": true, ""bootstrap_lower_gain_positive"": true}"
2025-04-30,incumbent,"{""colsample_bytree"": 0.8, ""learning_rate"": 0.025, ""max_depth"": 3, ""min_child_weight"": 10, ""n_estimators"": 50, ""subsample"": 0.8}",{},
2025-05-07,incumbent,"{""colsample_bytree"": 0.8, ""learning_rate"": 0.025, ""max_depth"": 3, ""min_child_weight"": 10, ""n_estimators"": 50, ""subsample"": 0.8}",{},
2025-05-14,incumbent,"{""colsample_bytree"": 0.8, ""learning_rate"": 0.025, ""max_depth"": 3, ""min_child_weight"": 10, ""n_estimators"": 50, ""subsample"": 0.8}",{},
2025-05-21,incumbent,"{""colsample_bytree"": 0.8, ""learning_rate"": 0.025, ""max_depth"": 3, ""min_child_weight"": 10, ""n_estimators"": 50, ""subsample"": 0.8}",{},
2025-05-28,incumbent,"{""colsample_bytree"": 0.8, ""learning_rate"": 0.025, ""max_depth"": 3, ""min_child_weight"": 10, ""n_estimators"": 50, ""subsample"": 0.8}",{},
2025-06-04,incumbent,"{""colsample_bytree"": 0.8, ""learning_rate"": 0.025, ""max_depth"": 3, ""min_child_weight"": 10, ""n_estimators"": 50, ""subsample"": 0.8}",{},
2025-06-11,incumbent,"{""colsample_bytree"": 0.8, ""learning_rate"": 0.025, ""max_depth"": 3, ""min_child_weight"": 10, ""n_estimators"": 50, ""subsample"": 0.8}",{},
2025-06-18,incumbent,"{""colsample_bytree"": 0.8, ""learning_rate"": 0.025, ""max_depth"": 3, ""min_child_weight"": 10, ""n_estimators"": 50, ""subsample"": 0.8}",{},
2025-06-25,incumbent,"{""colsample_bytree"": 0.8, ""learning_rate"": 0.025, ""max_depth"": 3, ""min_child_weight"": 10, ""n_estimators"": 50, ""subsample"": 0.8}",{},
2025-07-02,incumbent,"{""colsample_bytree"": 0.8, ""learning_rate"": 0.025, ""max_depth"": 3, ""min_child_weight"": 10, ""n_estimators"": 50, ""subsample"": 0.8}",{},
2025-07-09,incumbent,"{""colsample_bytree"": 0.8, ""learning_rate"": 0.025, ""max_depth"": 3, ""min_child_weight"": 10, ""n_estimators"": 50, ""subsample"": 0.8}",{},
2025-07-16,incumbent,"{""colsample_bytree"": 0.8, ""learning_rate"": 0.025, ""max_depth"": 3, ""min_child_weight"": 10, ""n_estimators"": 50, ""subsample"": 0.8}",{},
2025-07-23,incumbent,"{""colsample_bytree"": 0.8, ""learning_rate"": 0.025, ""max_depth"": 3, ""min_child_weight"": 10, ""n_estimators"": 50, ""subsample"": 0.8}",{},
2025-07-30,incumbent,"{""colsample_bytree"": 0.8, ""learning_rate"": 0.025, ""max_depth"": 3, ""min_child_weight"": 10, ""n_estimators"": 50, ""subsample"": 0.8}",{},
2025-08-06,incumbent,"{""colsample_bytree"": 0.8, ""learning_rate"": 0.025, ""max_depth"": 3, ""min_child_weight"": 10, ""n_estimators"": 50, ""subsample"": 0.8}",{},
2025-08-13,incumbent,"{""colsample_bytree"": 0.8, ""learning_rate"": 0.025, ""max_depth"": 3, ""min_child_weight"": 10, ""n_estimators"": 50, ""subsample"": 0.8}",{},
2025-08-20,incumbent,"{""colsample_bytree"": 0.8, ""learning_rate"": 0.025, ""max_depth"": 3, ""min_child_weight"": 10, ""n_estimators"": 50, ""subsample"": 0.8}",{},
2025-08-27,incumbent,"{""colsample_bytree"": 0.8, ""learning_rate"": 0.025, ""max_depth"": 3, ""min_child_weight"": 10, ""n_estimators"": 50, ""subsample"": 0.8}",{},
2025-09-03,incumbent,"{""colsample_bytree"": 0.8, ""learning_rate"": 0.025, ""max_depth"": 3, ""min_child_weight"": 10, ""n_estimators"": 50, ""subsample"": 0.8}",{},
2025-09-10,incumbent,"{""colsample_bytree"": 0.8, ""learning_rate"": 0.025, ""max_depth"": 3, ""min_child_weight"": 10, ""n_estimators"": 50, ""subsample"": 0.8}",{},
2025-09-17,incumbent,"{""colsample_bytree"": 0.8, ""learning_rate"": 0.025, ""max_depth"": 3, ""min_child_weight"": 10, ""n_estimators"": 50, ""subsample"": 0.8}",{},
2025-09-24,incumbent,"{""colsample_bytree"": 0.8, ""learning_rate"": 0.025, ""max_depth"": 3, ""min_child_weight"": 10, ""n_estimators"": 50, ""subsample"": 0.8}",{},
2025-10-01,incumbent,"{""colsample_bytree"": 0.8, ""learning_rate"": 0.025, ""max_depth"": 3, ""min_child_weight"": 10, ""n_estimators"": 50, ""subsample"": 0.8}",{},
2025-10-08,incumbent,"{""colsample_bytree"": 0.8, ""learning_rate"": 0.025, ""max_depth"": 3, ""min_child_weight"": 10, ""n_estimators"": 50, ""subsample"": 0.8}",{},
2025-10-15,incumbent,"{""colsample_bytree"": 0.8, ""learning_rate"": 0.025, ""max_depth"": 3, ""min_child_weight"": 10, ""n_estimators"": 50, ""subsample"": 0.8}",{},
2025-10-22,incumbent,"{""colsample_bytree"": 0.8, ""learning_rate"": 0.025, ""max_depth"": 3, ""min_child_weight"": 10, ""n_estimators"": 50, ""subsample"": 0.8}",{},
2025-10-29,incumbent,"{""colsample_bytree"": 0.8, ""learning_rate"": 0.025, ""max_depth"": 3, ""min_child_weight"": 10, ""n_estimators"": 50, ""subsample"": 0.8}",{},
2025-11-05,incumbent,"{""colsample_bytree"": 0.8, ""learning_rate"": 0.025, ""max_depth"": 3, ""min_child_weight"": 10, ""n_estimators"": 50, ""subsample"": 0.8}",{},
2025-11-12,incumbent,"{""colsample_bytree"": 0.8, ""learning_rate"": 0.025, ""max_depth"": 3, ""min_child_weight"": 10, ""n_estimators"": 50, ""subsample"": 0.8}",{},
2025-11-19,stronger_l2,"{""colsample_bytree"": 0.8, ""learning_rate"": 0.025, ""max_depth"": 3, ""min_child_weight"": 10, ""n_estimators"": 50, ""reg_lambda"": 2.0, ""subsample"": 0.8}","{""reg_lambda"": 2.0}","{""ir_gain_at_least_0_10"": true, ""annual_net_gain_at_least_0_5pct"": true, ""fold_ir_wins_at_least_3"": true, ""no_fold_ir_loss_below_0_25"": true, ""bootstrap_lower_gain_positive"": true}"
2025-11-26,incumbent,"{""colsample_bytree"": 0.8, ""learning_rate"": 0.025, ""max_depth"": 3, ""min_child_weight"": 10, ""n_estimators"": 50, ""subsample"": 0.8}",{},
2025-12-03,stronger_l2,"{""colsample_bytree"": 0.8, ""learning_rate"": 0.025, ""max_depth"": 3, ""min_child_weight"": 10, ""n_estimators"": 50, ""reg_lambda"": 2.0, ""subsample"": 0.8}","{""reg_lambda"": 2.0}","{""ir_gain_at_least_0_10"": true, ""annual_net_gain_at_least_0_5pct"": true, ""fold_ir_wins_at_least_3"": true, ""no_fold_ir_loss_below_0_25"": true, ""bootstrap_lower_gain_positive"": true}"
2025-12-10,stronger_l2,"{""colsample_bytree"": 0.8, ""learning_rate"": 0.025, ""max_depth"": 3, ""min_child_weight"": 10, ""n_estimators"": 50, ""reg_lambda"": 2.0, ""subsample"": 0.8}","{""reg_lambda"": 2.0}","{""ir_gain_at_least_0_10"": true, ""annual_net_gain_at_least_0_5pct"": true, ""fold_ir_wins_at_least_3"": true, ""no_fold_ir_loss_below_0_25"": true, ""bootstrap_lower_gain_positive"": true}"
2025-12-17,incumbent,"{""colsample_bytree"": 0.8, ""learning_rate"": 0.025, ""max_depth"": 3, ""min_child_weight"": 10, ""n_estimators"": 50, ""subsample"": 0.8}",{},
2025-12-24,larger_child,"{""colsample_bytree"": 0.8, ""learning_rate"": 0.025, ""max_depth"": 3, ""min_child_weight"": 20, ""n_estimators"": 50, ""subsample"": 0.8}","{""min_child_weight"": 20}","{""ir_gain_at_least_0_10"": true, ""annual_net_gain_at_least_0_5pct"": true, ""fold_ir_wins_at_least_3"": true, ""no_fold_ir_loss_below_0_25"": true, ""bootstrap_lower_gain_positive"": true}"
2025-12-31,incumbent,"{""colsample_bytree"": 0.8, ""learning_rate"": 0.025, ""max_depth"": 3, ""min_child_weight"": 10, ""n_estimators"": 50, ""subsample"": 0.8}",{},
2026-01-07,incumbent,"{""colsample_bytree"": 0.8, ""learning_rate"": 0.025, ""max_depth"": 3, ""min_child_weight"": 10, ""n_estimators"": 50, ""subsample"": 0.8}",{},
2026-01-14,incumbent,"{""colsample_bytree"": 0.8, ""learning_rate"": 0.025, ""max_depth"": 3, ""min_child_weight"": 10, ""n_estimators"": 50, ""subsample"": 0.8}",{},
2026-01-21,incumbent,"{""colsample_bytree"": 0.8, ""learning_rate"": 0.025, ""max_depth"": 3, ""min_child_weight"": 10, ""n_estimators"": 50, ""subsample"": 0.8}",{},
2026-01-28,incumbent,"{""colsample_bytree"": 0.8, ""learning_rate"": 0.025, ""max_depth"": 3, ""min_child_weight"": 10, ""n_estimators"": 50, ""subsample"": 0.8}",{},
2026-02-04,incumbent,"{""colsample_bytree"": 0.8, ""learning_rate"": 0.025, ""max_depth"": 3, ""min_child_weight"": 10, ""n_estimators"": 50, ""subsample"": 0.8}",{},
2026-02-11,incumbent,"{""colsample_bytree"": 0.8, ""learning_rate"": 0.025, ""max_depth"": 3, ""min_child_weight"": 10, ""n_estimators"": 50, ""subsample"": 0.8}",{},
2026-02-18,incumbent,"{""colsample_bytree"": 0.8, ""learning_rate"": 0.025, ""max_depth"": 3, ""min_child_weight"": 10, ""n_estimators"": 50, ""subsample"": 0.8}",{},
